fecha_delito,num_delitos
2018-01-03,31
2018-01-04,18
2018-01-05,31
2018-01-06,25
2018-01-07,27
2018-01-08,34
2018-01-09,26
2018-01-10,21
2018-01-11,26
2018-01-12,24
2018-01-13,29
2018-01-14,26
2018-01-15,29
2018-01-16,29
2018-01-17,19
2018-01-18,24
2018-01-19,12
2018-01-20,22
2018-01-21,27
2018-01-22,30
2018-01-23,29
2018-01-24,23
2018-01-25,25
2018-01-26,25
2018-01-27,18
2018-01-28,28
2018-01-29,31
2018-01-30,23
2018-01-31,19
2018-02-01,17
2018-02-02,29
2018-02-03,33
2018-02-04,29
2018-02-05,21
2018-02-06,41
2018-02-07,23
2018-02-08,27
2018-02-09,25
2018-02-10,24
2018-02-11,26
2018-02-12,32
2018-02-13,26
2018-02-14,17
2018-02-15,17
2018-02-16,23
2018-02-17,40
2018-02-18,20
2018-02-19,31
2018-02-20,32
2018-02-21,24
2018-02-22,20
2018-02-23,19
2018-02-24,17
2018-02-25,31
2018-02-26,29
2018-02-27,35
2018-02-28,21
2018-03-01,27
2018-03-02,21
2018-03-03,25
2018-03-04,35
2018-03-05,27
2018-03-06,35
2018-03-07,19
2018-03-08,27
2018-03-09,18
2018-03-10,33
2018-03-11,45
2018-03-12,35
2018-03-13,29
2018-03-14,25
2018-03-15,31
2018-03-16,20
2018-03-17,25
2018-03-18,27
2018-03-19,36
2018-03-20,33
2018-03-21,26
2018-03-22,26
2018-03-23,35
2018-03-24,21
2018-03-25,42
2018-03-26,39
2018-03-27,36
2018-03-28,34
2018-03-29,24
2018-03-30,23
2018-03-31,36
2018-04-01,18
2018-04-02,22
2018-04-03,30
2018-04-04,20
2018-04-05,21
2018-04-06,24
2018-04-07,23
2018-04-08,20
2018-04-09,29
2018-04-10,23
2018-04-11,19
2018-04-12,22
2018-04-13,22
2018-04-14,32
2018-04-15,31
2018-04-16,29
2018-04-17,29
2018-04-18,23
2018-04-19,24
2018-04-20,32
2018-04-21,28
2018-04-22,34
2018-04-23,34
2018-04-24,36
2018-04-25,27
2018-04-26,20
2018-04-27,31
2018-04-28,32
2018-04-29,35
2018-04-30,29
2018-05-01,25
2018-05-02,25
2018-05-03,27
2018-05-04,20
2018-05-05,25
2018-05-06,27
2018-05-07,31
2018-05-08,37
2018-05-09,23
2018-05-10,25
2018-05-11,32
2018-05-12,16
2018-05-13,24
2018-05-14,37
2018-05-15,50
2018-05-16,21
2018-05-17,18
2018-05-18,24
2018-05-19,33
2018-05-20,31
2018-05-21,27
2018-05-22,31
2018-05-23,23
2018-05-24,34
2018-05-25,23
2018-05-26,24
2018-05-27,33
2018-05-28,32
2018-05-29,26
2018-05-30,22
2018-05-31,20
2018-06-01,26
2018-06-02,34
2018-06-03,30
2018-06-04,38
2018-06-05,22
2018-06-06,27
2018-06-07,29
2018-06-08,20
2018-06-09,16
2018-06-10,22
2018-06-11,22
2018-06-12,32
2018-06-13,26
2018-06-14,14
2018-06-15,12
2018-06-16,21
2018-06-17,17
2018-06-18,30
2018-06-19,39
2018-06-20,22
2018-06-21,23
2018-06-22,29
2018-06-23,31
2018-06-24,22
2018-06-25,30
2018-06-26,19
2018-06-27,21
2018-06-28,19
2018-06-29,25
2018-06-30,25
2018-07-01,30
2018-07-02,35
2018-07-03,19
2018-07-04,19
2018-07-05,25
2018-07-06,20
2018-07-07,30
2018-07-08,16
2018-07-09,38
2018-07-10,32
2018-07-11,22
2018-07-12,20
2018-07-13,21
2018-07-14,36
2018-07-15,27
2018-07-16,31
2018-07-17,26
2018-07-18,21
2018-07-19,20
2018-07-20,18
2018-07-21,17
2018-07-22,21
2018-07-23,28
2018-07-24,26
2018-07-25,17
2018-07-26,27
2018-07-27,25
2018-07-28,17
2018-07-29,23
2018-07-30,30
2018-07-31,31
2018-08-01,26
2018-08-02,28
2018-08-03,30
2018-08-04,31
2018-08-05,27
2018-08-06,30
2018-08-07,38
2018-08-08,24
2018-08-09,20
2018-08-10,34
2018-08-11,23
2018-08-12,24
2018-08-13,40
2018-08-14,32
2018-08-15,25
2018-08-16,27
2018-08-17,27
2018-08-18,23
2018-08-19,24
2018-08-20,34
2018-08-21,45
2018-08-22,25
2018-08-23,18
2018-08-24,17
2018-08-25,14
2018-08-26,29
2018-08-27,39
2018-08-28,33
2018-08-29,28
2018-08-30,23
2018-08-31,27
2018-09-01,19
2018-09-02,22
2018-09-03,31
2018-09-04,24
2018-09-05,30
2018-09-06,26
2018-09-07,22
2018-09-08,25
2018-09-09,35
2018-09-10,24
2018-09-11,36
2018-09-12,23
2018-09-13,22
2018-09-14,27
2018-09-15,21
2018-09-16,30
2018-09-17,34
2018-09-18,32
2018-09-19,18
2018-09-20,23
2018-09-21,23
2018-09-22,32
2018-09-23,30
2018-09-24,19
2018-09-25,22
2018-09-26,27
2018-09-27,27
2018-09-28,22
2018-09-29,17
2018-09-30,27
2018-10-01,24
2018-10-02,28
2018-10-03,22
2018-10-04,24
2018-10-05,20
2018-10-06,23
2018-10-07,32
2018-10-08,25
2018-10-09,24
2018-10-10,27
2018-10-11,28
2018-10-12,25
2018-10-13,23
2018-10-14,27
2018-10-15,35
2018-10-16,39
2018-10-17,70
2018-10-18,23
2018-10-19,25
2018-10-20,19
2018-10-21,25
2018-10-22,25
2018-10-23,20
2018-10-24,23
2018-10-25,30
2018-10-26,26
2018-10-27,30
2018-10-28,35
2018-10-29,44
2018-10-30,32
2018-10-31,31
2018-11-01,21
2018-11-02,20
2018-11-03,30
2018-11-04,28
2018-11-05,22
2018-11-06,17
2018-11-07,19
2018-11-08,19
2018-11-09,25
2018-11-10,20
2018-11-11,17
2018-11-12,23
2018-11-13,28
2018-11-14,22
2018-11-15,16
2018-11-16,32
2018-11-17,22
2018-11-18,21
2018-11-19,27
2018-11-20,34
2018-11-21,20
2018-11-22,29
2018-11-23,30
2018-11-24,30
2018-11-25,26
2018-11-26,27
2018-11-27,25
2018-11-28,24
2018-11-29,19
2018-11-30,29
2018-12-01,21
2018-12-02,37
2018-12-03,30
2018-12-04,22
2018-12-05,24
2018-12-06,16
2018-12-07,25
2018-12-08,28
2018-12-09,24
2018-12-10,38
2018-12-11,24
2018-12-12,34
2018-12-13,31
2018-12-14,20
2018-12-15,18
2018-12-16,34
2018-12-17,30
2018-12-18,38
2018-12-19,28
2018-12-20,30
2018-12-21,22
2018-12-22,32
2018-12-23,30
2018-12-24,33
2018-12-25,38
2018-12-26,25
2018-12-27,22
2018-12-28,24
2018-12-29,24
2018-12-30,27
2018-12-31,27
2019-01-01,33
2019-01-03,24
2019-01-04,17
2019-01-05,21
2019-01-06,23
2019-01-07,29
2019-01-08,18
2019-01-09,24
2019-01-10,18
2019-01-11,17
2019-01-12,27
2019-01-13,35
2019-01-14,23
2019-01-15,21
2019-01-16,24
2019-01-17,22
2019-01-18,27
2019-01-19,28
2019-01-20,29
2019-01-21,26
2019-01-22,32
2019-01-23,29
2019-01-24,25
2019-01-25,24
2019-01-26,34
2019-01-27,42
2019-01-28,34
2019-01-29,26
2019-01-30,26
2019-01-31,25
2019-02-01,26
2019-02-02,37
2019-02-03,38
2019-02-04,23
2019-02-05,36
2019-02-06,29
2019-02-07,22
2019-02-08,26
2019-02-09,22
2019-02-10,20
2019-02-11,27
2019-02-12,33
2019-02-13,34
2019-02-14,29
2019-02-15,25
2019-02-16,25
2019-02-17,22
2019-02-18,31
2019-02-19,31
2019-02-20,22
2019-02-21,23
2019-02-22,28
2019-02-23,22
2019-02-24,19
2019-02-25,28
2019-02-26,31
2019-02-27,35
2019-02-28,29
2019-03-01,26
2019-03-02,36
2019-03-03,24
2019-03-04,25
2019-03-05,25
2019-03-06,30
2019-03-07,25
2019-03-08,21
2019-03-09,25
2019-03-10,21
2019-03-11,31
2019-03-12,23
2019-03-13,32
2019-03-14,33
2019-03-15,22
2019-03-16,27
2019-03-17,29
2019-03-18,29
2019-03-19,17
2019-03-20,18
2019-03-21,22
2019-03-22,29
2019-03-23,25
2019-03-24,23
2019-03-25,12
2019-03-26,17
2019-03-27,17
2019-03-28,26
2019-03-29,27
2019-03-30,24
2019-03-31,31
2019-04-01,30
2019-04-02,26
2019-04-03,21
2019-04-04,19
2019-04-05,33
2019-04-06,25
2019-04-07,21
2019-04-08,44
2019-04-09,27
2019-04-10,29
2019-04-11,27
2019-04-12,26
2019-04-13,19
2019-04-14,24
2019-04-15,22
2019-04-16,26
2019-04-17,19
2019-04-18,21
2019-04-19,27
2019-04-20,17
2019-04-21,24
2019-04-22,23
2019-04-23,25
2019-04-24,17
2019-04-25,31
2019-04-26,27
2019-04-27,30
2019-04-28,29
2019-04-29,28
2019-04-30,30
2019-05-01,36
2019-05-02,21
2019-05-03,28
2019-05-04,20
2019-05-05,18
2019-05-06,30
2019-05-07,24
2019-05-08,18
2019-05-09,25
2019-05-10,28
2019-05-11,36
2019-05-12,27
2019-05-13,38
2019-05-14,23
2019-05-15,29
2019-05-16,23
2019-05-17,28
2019-05-18,23
2019-05-19,34
2019-05-20,32
2019-05-21,26
2019-05-22,30
2019-05-23,24
2019-05-24,28
2019-05-25,27
2019-05-26,29
2019-05-27,26
2019-05-28,38
2019-05-29,23
2019-05-30,19
2019-05-31,14
2019-06-01,30
2019-06-02,30
2019-06-03,36
2019-06-04,37
2019-06-05,23
2019-06-06,17
2019-06-07,24
2019-06-08,28
2019-06-09,21
2019-06-10,35
2019-06-11,42
2019-06-12,28
2019-06-13,19
2019-06-14,31
2019-06-15,19
2019-06-16,28
2019-06-17,26
2019-06-18,27
2019-06-19,24
2019-06-20,31
2019-06-21,31
2019-06-22,23
2019-06-23,33
2019-06-24,37
2019-06-25,32
2019-06-26,30
2019-06-27,28
2019-06-28,26
2019-06-29,28
2019-06-30,39
2019-07-01,26
2019-07-02,30
2019-07-03,37
2019-07-04,29
2019-07-05,19
2019-07-06,23
2019-07-07,26
2019-07-08,34
2019-07-09,37
2019-07-10,28
2019-07-11,19
2019-07-12,18
2019-07-13,25
2019-07-14,21
2019-07-15,42
2019-07-16,29
2019-07-17,16
2019-07-18,21
2019-07-19,20
2019-07-20,30
2019-07-21,23
2019-07-22,41
2019-07-23,37
2019-07-24,26
2019-07-25,20
2019-07-26,21
2019-07-27,22
2019-07-28,25
2019-07-29,39
2019-07-30,32
2019-07-31,28
2019-08-01,21
2019-08-02,29
2019-08-03,30
2019-08-04,26
2019-08-05,32
2019-08-06,28
2019-08-07,30
2019-08-08,23
2019-08-09,20
2019-08-10,29
2019-08-11,31
2019-08-12,25
2019-08-13,36
2019-08-14,16
2019-08-15,26
2019-08-16,32
2019-08-17,33
2019-08-18,32
2019-08-19,35
2019-08-20,44
2019-08-21,29
2019-08-22,24
2019-08-23,31
2019-08-24,17
2019-08-25,31
2019-08-26,37
2019-08-27,23
2019-08-28,37
2019-08-29,25
2019-08-30,17
2019-08-31,16
2019-09-01,21
2019-09-02,28
2019-09-03,38
2019-09-04,31
2019-09-05,26
2019-09-06,23
2019-09-07,32
2019-09-08,27
2019-09-09,25
2019-09-10,32
2019-09-11,21
2019-09-12,27
2019-09-13,20
2019-09-14,25
2019-09-15,34
2019-09-16,26
2019-09-17,45
2019-09-18,48
2019-09-19,15
2019-09-20,27
2019-09-21,19
2019-09-22,23
2019-09-23,24
2019-09-24,36
2019-09-25,31
2019-09-26,35
2019-09-27,25
2019-09-28,23
2019-09-29,29
2019-09-30,32
2019-10-01,29
2019-10-02,33
2019-10-03,25
2019-10-04,25
2019-10-05,31
2019-10-06,34
2019-10-07,35
2019-10-08,32
2019-10-09,25
2019-10-10,31
2019-10-11,22
2019-10-12,34
2019-10-13,27
2019-10-14,24
2019-10-15,34
2019-10-16,45
2019-10-17,23
2019-10-18,18
2019-10-19,34
2019-10-20,32
2019-10-21,52
2019-10-22,28
2019-10-23,15
2019-10-24,28
2019-10-25,35
2019-10-26,24
2019-10-27,35
2019-10-28,29
2019-10-29,29
2019-10-30,36
2019-10-31,30
2019-11-01,30
2019-11-02,28
2019-11-03,24
2019-11-04,30
2019-11-05,18
2019-11-06,23
2019-11-07,34
2019-11-08,30
2019-11-09,33
2019-11-10,19
2019-11-11,28
2019-11-12,31
2019-11-13,28
2019-11-14,18
2019-11-15,26
2019-11-16,28
2019-11-17,25
2019-11-18,22
2019-11-19,42
2019-11-20,21
2019-11-21,25
2019-11-22,23
2019-11-23,24
2019-11-24,27
2019-11-25,31
2019-11-26,31
2019-11-27,28
2019-11-28,20
2019-11-29,31
2019-11-30,23
2019-12-01,28
2019-12-02,20
2019-12-03,30
2019-12-04,21
2019-12-05,31
2019-12-06,21
2019-12-07,24
2019-12-08,26
2019-12-09,36
2019-12-10,15
2019-12-11,26
2019-12-12,29
2019-12-13,32
2019-12-14,26
2019-12-15,31
2019-12-16,37
2019-12-17,31
2019-12-18,18
2019-12-19,19
2019-12-20,18
2019-12-21,26
2019-12-22,23
2019-12-23,28
2019-12-24,23
2019-12-25,26
2019-12-26,26
2019-12-27,24
2019-12-28,24
2019-12-29,31
2019-12-30,34
2019-12-31,23
2020-01-01,121
2020-01-02,104
2020-01-03,99
2020-01-04,98
2020-01-05,97
2020-01-06,103
2020-01-07,87
2020-01-08,93
2020-01-09,95
2020-01-10,100
2020-01-11,91
2020-01-12,79
2020-01-13,92
2020-01-14,93
2020-01-15,91
2020-01-16,96
2020-01-17,91
2020-01-18,110
2020-01-19,68
2020-01-20,125
2020-01-21,97
2020-01-22,94
2020-01-23,101
2020-01-24,83
2020-01-25,99
2020-01-26,83
2020-01-27,87
2020-01-28,85
2020-01-29,96
2020-01-30,88
2020-01-31,118
2020-02-01,114
2020-02-02,95
2020-02-03,79
2020-02-04,109
2020-02-05,74
2020-02-06,92
2020-02-07,122
2020-02-08,109
2020-02-09,108
2020-02-10,116
2020-02-11,113
2020-02-12,90
2020-02-13,111
2020-02-14,117
2020-02-15,107
2020-02-16,99
2020-02-17,116
2020-02-18,134
2020-02-19,100
2020-02-20,103
2020-02-21,113
2020-02-22,128
2020-02-23,91
2020-02-24,89
2020-02-25,116
2020-02-26,106
2020-02-27,122
2020-02-28,99
2020-02-29,130
2020-03-01,87
2020-03-02,104
2020-03-03,111
2020-03-04,110
2020-03-05,121
2020-03-06,110
2020-03-07,99
2020-03-08,97
2020-03-09,96
2020-03-10,104
2020-03-11,104
2020-03-12,100
2020-03-13,110
2020-03-14,90
2020-03-15,76
2020-03-16,92
2020-03-17,123
2020-03-18,113
2020-03-19,107
2020-03-20,114
2020-03-21,91
2020-03-22,77
2020-03-23,76
2020-03-24,85
2020-03-25,85
2020-03-26,73
2020-03-27,108
2020-03-28,82
2020-03-29,70
2020-03-30,78
2020-03-31,85
2020-04-01,101
2020-04-02,81
2020-04-03,104
2020-04-04,67
2020-04-05,74
2020-04-06,77
2020-04-07,102
2020-04-08,84
2020-04-09,59
2020-04-10,74
2020-04-11,78
2020-04-12,59
2020-04-13,89
2020-04-14,85
2020-04-15,75
2020-04-16,62
2020-04-17,93
2020-04-18,77
2020-04-19,61
2020-04-20,62
2020-04-21,104
2020-04-22,101
2020-04-23,77
2020-04-24,80
2020-04-25,62
2020-04-26,70
2020-04-27,77
2020-04-28,80
2020-04-29,66
2020-04-30,52
2020-05-01,60
2020-05-02,76
2020-05-03,51
2020-05-04,69
2020-05-05,76
2020-05-06,66
2020-05-07,74
2020-05-08,67
2020-05-09,75
2020-05-10,56
2020-05-11,61
2020-05-12,70
2020-05-13,75
2020-05-14,147
2020-05-15,76
2020-05-16,61
2020-05-17,64
2020-05-18,79
2020-05-19,89
2020-05-20,64
2020-05-21,92
2020-05-22,86
2020-05-23,68
2020-05-24,71
2020-05-25,74
2020-05-26,76
2020-05-27,71
2020-05-28,70
2020-05-29,81
2020-05-30,95
2020-05-31,66
2020-06-01,64
2020-06-02,70
2020-06-03,61
2020-06-04,76
2020-06-05,96
2020-06-06,83
2020-06-07,67
2020-06-08,96
2020-06-09,70
2020-06-10,93
2020-06-11,80
2020-06-12,86
2020-06-13,81
2020-06-14,58
2020-06-15,67
2020-06-16,59
2020-06-17,81
2020-06-18,73
2020-06-19,81
2020-06-20,77
2020-06-21,60
2020-06-22,86
2020-06-23,134
2020-06-24,83
2020-06-25,77
2020-06-26,88
2020-06-27,61
2020-06-28,67
2020-06-29,61
2020-06-30,95
2020-07-01,107
2020-07-02,76
2020-07-03,61
2020-07-04,87
2020-07-05,58
2020-07-06,67
2020-07-07,63
2020-07-08,87
2020-07-09,75
2020-07-10,88
2020-07-11,75
2020-07-12,53
2020-07-13,92
2020-07-14,71
2020-07-15,81
2020-07-16,84
2020-07-17,91
2020-07-18,74
2020-07-19,67
2020-07-20,89
2020-07-21,90
2020-07-22,92
2020-07-23,91
2020-07-24,105
2020-07-25,91
2020-07-26,75
2020-07-27,82
2020-07-28,66
2020-07-29,93
2020-07-30,90
2020-07-31,74
2020-08-01,92
2020-08-02,78
2020-08-03,88
2020-08-04,83
2020-08-05,100
2020-08-06,92
2020-08-07,89
2020-08-08,80
2020-08-09,72
2020-08-10,88
2020-08-11,84
2020-08-12,103
2020-08-13,103
2020-08-14,89
2020-08-15,83
2020-08-16,85
2020-08-17,83
2020-08-18,85
2020-08-19,96
2020-08-20,74
2020-08-21,102
2020-08-22,101
2020-08-23,77
2020-08-24,91
2020-08-25,88
2020-08-26,67
2020-08-27,73
2020-08-28,88
2020-08-29,91
2020-08-30,82
2020-08-31,101
2020-09-01,93
2020-09-02,103
2020-09-03,99
2020-09-04,104
2020-09-05,90
2020-09-06,69
2020-09-07,121
2020-09-08,84
2020-09-09,87
2020-09-10,81
2020-09-11,110
2020-09-12,105
2020-09-13,100
2020-09-14,93
2020-09-15,82
2020-09-16,73
2020-09-17,75
2020-09-18,92
2020-09-19,83
2020-09-20,88
2020-09-21,99
2020-09-22,85
2020-09-23,89
2020-09-24,93
2020-09-25,87
2020-09-26,91
2020-09-27,74
2020-09-28,80
2020-09-29,80
2020-09-30,100
2020-10-01,83
2020-10-02,88
2020-10-03,63
2020-10-04,66
2020-10-05,82
2020-10-06,76
2020-10-07,76
2020-10-08,87
2020-10-09,93
2020-10-10,76
2020-10-11,65
2020-10-12,75
2020-10-13,88
2020-10-14,104
2020-10-15,102
2020-10-16,95
2020-10-17,107
2020-10-18,79
2020-10-19,74
2020-10-20,94
2020-10-21,111
2020-10-22,93
2020-10-23,79
2020-10-24,83
2020-10-25,70
2020-10-26,107
2020-10-27,84
2020-10-28,96
2020-10-29,115
2020-10-30,103
2020-10-31,88
2020-11-01,76
2020-11-02,72
2020-11-03,94
2020-11-04,87
2020-11-05,86
2020-11-06,111
2020-11-07,70
2020-11-08,81
2020-11-09,90
2020-11-10,101
2020-11-11,98
2020-11-12,109
2020-11-13,105
2020-11-14,102
2020-11-15,83
2020-11-16,66
2020-11-17,90
2020-11-18,93
2020-11-19,85
2020-11-20,97
2020-11-21,72
2020-11-22,87
2020-11-23,101
2020-11-24,109
2020-11-25,78
2020-11-26,106
2020-11-27,88
2020-11-28,90
2020-11-29,77
2020-11-30,84
2020-12-01,96
2020-12-02,83
2020-12-03,100
2020-12-04,116
2020-12-05,82
2020-12-06,96
2020-12-07,104
2020-12-08,116
2020-12-09,78
2020-12-10,89
2020-12-11,94
2020-12-12,96
2020-12-13,58
2020-12-14,91
2020-12-15,84
2020-12-16,108
2020-12-17,87
2020-12-18,85
2020-12-19,131
2020-12-20,86
2020-12-21,111
2020-12-22,91
2020-12-23,86
2020-12-24,84
2020-12-25,82
2020-12-26,56
2020-12-27,81
2020-12-28,84
2020-12-29,79
2020-12-30,86
2020-12-31,71
2021-01-01,66
2021-01-02,67
2021-01-03,81
2021-01-04,90
2021-01-05,94
2021-01-06,82
2021-01-07,85
2021-01-08,83
2021-01-09,69
2021-01-10,95
2021-01-11,86
2021-01-12,114
2021-01-13,83
2021-01-14,102
2021-01-15,108
2021-01-16,99
2021-01-17,85
2021-01-18,76
2021-01-19,101
2021-01-20,101
2021-01-21,96
2021-01-22,90
2021-01-23,78
2021-01-24,70
2021-01-25,72
2021-01-26,99
2021-01-27,92
2021-01-28,87
2021-01-29,83
2021-01-30,87
2021-01-31,71
2021-02-01,65
2021-02-02,77
2021-02-03,74
2021-02-04,86
2021-02-05,70
2021-02-06,88
2021-02-07,59
2021-02-08,84
2021-02-09,81
2021-02-10,81
2021-02-11,72
2021-02-12,76
2021-02-13,91
2021-02-14,77
2021-02-15,78
2021-02-16,86
2021-02-17,70
2021-02-18,72
2021-02-19,101
2021-02-20,71
2021-02-21,75
2021-02-22,64
2021-02-23,78
2021-02-24,84
2021-02-25,73
2021-02-26,82
2021-02-27,100
2021-02-28,99
2021-03-01,91
2021-03-02,61
2021-03-03,100
2021-03-04,86
2021-03-05,79
2021-03-06,94
2021-03-07,70
2021-03-08,81
2021-03-09,75
2021-03-10,67
2021-03-11,81
2021-03-12,99
2021-03-13,81
2021-03-14,78
2021-03-15,73
2021-03-16,65
2021-03-17,87
2021-03-18,103
2021-03-19,98
2021-03-20,87
2021-03-21,77
2021-03-22,84
2021-03-23,47
2021-03-24,72
2021-03-25,59
2021-03-26,66
2021-03-27,105
2021-03-28,75
2021-03-29,67
2021-03-30,131
2021-03-31,71
2021-04-01,63
2021-04-02,80
2021-04-03,108
2021-04-04,104
2021-04-05,100
2021-04-06,105
2021-04-07,117
2021-04-08,142
2021-04-09,154
2021-04-10,150
2021-04-11,118
2021-04-12,136
2021-04-13,133
2021-04-14,116
2021-04-15,116
2021-04-16,136
2021-04-17,176
2021-04-18,146
2021-04-19,138
2021-04-20,152
2021-04-21,106
2021-04-22,132
2021-04-23,131
2021-04-24,148
2021-04-25,145
2021-04-26,105
2021-04-27,101
2021-04-28,103
2021-04-29,160
2021-04-30,131
2021-05-01,157
2021-05-02,175
2021-05-03,104
2021-05-04,113
2021-05-05,109
2021-05-06,115
2021-05-07,120
2021-05-08,132
2021-05-09,142
2021-05-10,113
2021-05-11,127
2021-05-12,104
2021-05-13,113
2021-05-14,155
2021-05-15,126
2021-05-16,140
2021-05-17,98
2021-05-18,109
2021-05-19,108
2021-05-20,123
2021-05-21,145
2021-05-22,145
2021-05-23,125
2021-05-24,105
2021-05-25,99
2021-05-26,126
2021-05-27,119
2021-05-28,142
2021-05-29,167
2021-05-30,146
2021-05-31,127
2021-06-01,138
2021-06-02,126
2021-06-03,120
2021-06-04,128
2021-06-05,157
2021-06-06,155
2021-06-07,103
2021-06-08,108
2021-06-09,111
2021-06-10,115
2021-06-11,138
2021-06-12,130
2021-06-13,101
2021-06-14,132
2021-06-15,124
2021-06-16,102
2021-06-17,99
2021-06-18,98
2021-06-19,122
2021-06-20,117
2021-06-21,109
2021-06-22,91
2021-06-23,123
2021-06-24,100
2021-06-25,110
2021-06-26,143
2021-06-27,169
2021-06-28,110
2021-06-29,92
2021-06-30,111
2021-07-01,118
2021-07-02,104
2021-07-03,151
2021-07-04,115
2021-07-05,122
2021-07-06,107
2021-07-07,104
2021-07-08,102
2021-07-09,151
2021-07-10,142
2021-07-11,150
2021-07-12,112
2021-07-13,103
2021-07-14,119
2021-07-15,114
2021-07-16,140
2021-07-17,138
2021-07-18,148
2021-07-19,99
2021-07-20,105
2021-07-21,89
2021-07-22,112
2021-07-23,111
2021-07-24,124
2021-07-25,145
2021-07-26,104
2021-07-27,111
2021-07-28,101
2021-07-29,113
2021-07-30,137
2021-07-31,154
2021-08-01,174
2021-08-02,117
2021-08-03,92
2021-08-04,129
2021-08-05,117
2021-08-06,116
2021-08-07,121
2021-08-08,134
2021-08-09,99
2021-08-10,102
2021-08-11,104
2021-08-12,124
2021-08-13,139
2021-08-14,125
2021-08-15,120
2021-08-16,110
2021-08-17,116
2021-08-18,129
2021-08-19,123
2021-08-20,110
2021-08-21,140
2021-08-22,167
2021-08-23,105
2021-08-24,133
2021-08-25,92
2021-08-26,122
2021-08-27,129
2021-08-28,159
2021-08-29,109
2021-08-30,147
2021-08-31,112
2021-09-01,111
2021-09-02,119
2021-09-03,140
2021-09-04,136
2021-09-05,149
2021-09-06,91
2021-09-07,98
2021-09-08,131
2021-09-09,107
2021-09-10,122
2021-09-11,156
2021-09-12,153
2021-09-13,114
2021-09-14,122
2021-09-15,191
2021-09-16,237
2021-09-17,133
2021-09-18,131
2021-09-19,127
2021-09-20,120
2021-09-21,109
2021-09-22,104
2021-09-23,99
2021-09-24,123
2021-09-25,157
2021-09-26,113
2021-09-27,82
2021-09-28,85
2021-09-29,110
2021-09-30,110
2021-10-01,106
2021-10-02,137
2021-10-03,131
2021-10-04,85
2021-10-05,87
2021-10-06,41
2021-10-07,112
2021-10-08,111
2021-10-09,11
2021-10-10,1
2021-10-14,1
2021-10-16,1
2021-10-21,1
2021-11-09,1
2021-11-10,106
2021-11-11,123
2021-11-12,135
2021-11-13,136
2021-11-14,139
2021-11-15,108
2021-11-16,115
2021-11-17,98
2021-11-18,99
2021-11-19,111
2021-11-20,146
2021-11-21,128
2021-11-22,106
2021-11-23,120
2021-11-24,124
2021-11-25,93
2021-11-26,109
2021-11-27,136
2021-11-28,125
2021-11-29,99
2021-11-30,126
2021-12-01,126
2021-12-02,128
2021-12-03,116
2021-12-04,148
2021-12-05,120
2021-12-06,134
2021-12-07,117
2021-12-08,113
2021-12-09,110
2021-12-10,138
2021-12-11,171
2021-12-12,142
2021-12-13,135
2021-12-14,131
2021-12-15,123
2021-12-16,142
2021-12-17,129
2021-12-18,139
2021-12-19,147
2021-12-20,134
2021-12-21,104
2021-12-22,129
2021-12-23,132
2021-12-24,108
2021-12-25,132
2021-12-26,103
2021-12-27,127
2021-12-28,111
2021-12-29,122
2021-12-30,121
2021-12-31,119
2022-01-01,142
2022-01-02,98
2022-01-03,99
2022-01-04,92
2022-01-05,94
2022-01-06,82
2022-01-07,95
2022-01-08,131
2022-01-09,133
2022-01-10,112
2022-01-11,91
2022-01-12,105
2022-01-13,87
2022-01-14,101
2022-01-15,104
2022-01-16,92
2022-01-17,103
2022-01-18,90
2022-01-19,83
2022-01-20,88
2022-01-21,102
2022-01-22,139
2022-01-23,112
2022-01-24,76
2022-01-25,101
2022-01-26,111
2022-01-27,100
2022-01-28,103
2022-01-29,99
2022-01-30,101
2022-01-31,123
2022-02-01,102
2022-02-02,90
2022-02-03,97
2022-02-04,97
2022-02-05,101
2022-02-06,112
2022-02-07,87
2022-02-08,88
2022-02-09,87
2022-02-10,82
2022-02-11,86
2022-02-12,114
2022-02-13,108
2022-02-14,94
2022-02-15,110
2022-02-16,78
2022-02-17,103
2022-02-18,117
2022-02-19,129
2022-02-20,131
2022-02-21,125
2022-02-22,94
2022-02-23,119
2022-02-24,99
2022-02-25,93
2022-02-26,136
2022-02-27,143
2022-02-28,109
2022-03-01,65
2022-03-02,96
2022-03-03,91
2022-03-04,106
2022-03-05,129
2022-03-06,136
2022-03-07,94
2022-03-08,111
2022-03-09,122
2022-03-10,120
2022-03-11,95
2022-03-12,147
2022-03-13,131
2022-03-14,125
2022-03-15,97
2022-03-16,87
2022-03-17,113
2022-03-18,91
2022-03-19,137
2022-03-20,134
2022-03-21,97
2022-03-22,94
2022-03-23,126
2022-03-24,100
2022-03-25,104
2022-03-26,132
2022-03-27,132
2022-03-28,85
2022-03-29,80
2022-03-30,85
2022-03-31,128
2022-04-01,119
2022-04-02,158
2022-04-03,168
2022-04-04,101
2022-04-05,89
2022-04-06,118
2022-04-07,112
2022-04-08,118
2022-04-09,135
2022-04-10,133
2022-04-11,112
2022-04-12,93
2022-04-13,129
2022-04-14,112
2022-04-15,137
2022-04-16,176
2022-04-17,121
2022-04-18,97
2022-04-19,81
2022-04-20,97
2022-04-21,106
2022-04-22,123
2022-04-23,163
2022-04-24,112
2022-04-25,120
2022-04-26,98
2022-04-27,85
2022-04-28,118
2022-04-29,104
2022-04-30,121
2022-05-01,147
2022-05-02,124
2022-05-03,100
2022-05-04,122
2022-05-05,84
2022-05-06,111
2022-05-07,128
2022-05-08,160
2022-05-09,131
2022-05-10,107
2022-05-11,112
2022-05-12,84
2022-05-13,130
2022-05-14,141
2022-05-15,142
2022-05-16,114
2022-05-17,102
2022-05-18,120
2022-05-19,93
2022-05-20,140
2022-05-21,141
2022-05-22,130
2022-05-23,126
2022-05-24,91
2022-05-25,106
2022-05-26,132
2022-05-27,95
2022-05-28,123
2022-05-29,114
2022-05-30,115
2022-05-31,110
2022-06-01,101
2022-06-02,92
2022-06-03,132
2022-06-04,136
2022-06-05,158
2022-06-06,126
2022-06-07,115
2022-06-08,118
2022-06-09,84
2022-06-10,111
2022-06-11,141
2022-06-12,133
2022-06-13,105
2022-06-14,104
2022-06-15,120
2022-06-16,107
2022-06-17,107
2022-06-18,122
2022-06-19,100
2022-06-20,89
2022-06-21,112
2022-06-22,94
2022-06-23,91
2022-06-24,106
2022-06-25,150
2022-06-26,137
2022-06-27,111
2022-06-28,83
2022-06-29,80
2022-06-30,92
2022-07-01,110
2022-07-02,147
2022-07-03,136
2022-07-04,102
2022-07-05,101
2022-07-06,91
2022-07-07,113
2022-07-08,107
2022-07-09,137
2022-07-10,131
2022-07-11,108
2022-07-12,98
2022-07-13,111
2022-07-14,90
2022-07-15,127
2022-07-16,131
2022-07-17,155
2022-07-18,99
2022-07-19,111
2022-07-20,119
2022-07-21,128
2022-07-22,117
2022-07-23,142
2022-07-24,114
2022-07-25,91
2022-07-26,81
2022-07-27,80
2022-07-28,104
2022-07-29,97
2022-07-30,113
2022-07-31,131
2022-08-01,102
2022-08-02,106
2022-08-03,110
2022-08-04,124
2022-08-05,112
2022-08-06,126
2022-08-07,130
2022-08-08,110
2022-08-09,111
2022-08-10,107
2022-08-11,107
2022-08-12,111
2022-08-13,124
2022-08-14,124
2022-08-15,105
2022-08-16,98
2022-08-17,104
2022-08-18,129
2022-08-19,107
2022-08-20,117
2022-08-21,139
2022-08-22,113
2022-08-23,101
2022-08-24,104
2022-08-25,111
2022-08-26,113
2022-08-27,149
2022-08-28,121
2022-08-29,131
2022-08-30,107
2022-08-31,108
2022-09-01,105
2022-09-02,117
2022-09-03,137
2022-09-04,143
2022-09-05,128
2022-09-06,100
2022-09-07,99
2022-09-08,113
2022-09-09,137
2022-09-10,172
2022-09-11,140
2022-09-12,114
2022-09-13,115
2022-09-14,103
2022-09-15,112
2022-09-16,225
2022-09-17,160
2022-09-18,122
2022-09-19,142
2022-09-20,139
2022-09-21,127
2022-09-22,150
2022-09-23,115
2022-09-24,153
2022-09-25,153
2022-09-26,146
2022-09-27,85
2022-09-28,91
2022-09-29,101
2022-09-30,112
2022-10-01,140
2022-10-02,139
2022-10-03,119
2022-10-04,115
2022-10-05,100
2022-10-06,120
2022-10-07,130
2022-10-08,142
2022-10-09,129
2022-10-10,104
2022-10-11,95
2022-10-12,130
2022-10-13,114
2022-10-14,139
2022-10-15,170
2022-10-16,160
2022-10-17,103
2022-10-18,99
2022-10-19,111
2022-10-20,92
2022-10-21,113
2022-10-22,127
2022-10-23,115
2022-10-24,139
2022-10-25,104
2022-10-26,112
2022-10-27,136
2022-10-28,171
2022-10-29,152
2022-10-30,142
2022-10-31,95
2022-11-01,104
2022-11-02,91
2022-11-03,93
2022-11-04,119
2022-11-05,120
2022-11-06,136
2022-11-07,106
2022-11-08,97
2022-11-09,113
2022-11-10,112
2022-11-11,120
2022-11-12,132
2022-11-13,128
2022-11-14,113
2022-11-15,113
2022-11-16,110
2022-11-17,118
2022-11-18,115
2022-11-19,150
2022-11-20,131
2022-11-21,114
2022-11-22,103
2022-11-23,99
2022-11-24,119
2022-11-25,116
2022-11-26,153
2022-11-27,157
2022-11-28,120
2022-11-29,105
2022-11-30,92
2022-12-01,106
2022-12-02,116
2022-12-03,149
2022-12-04,137
2022-12-05,111
2022-12-06,98
2022-12-07,123
2022-12-08,144
2022-12-09,89
2022-12-10,151
2022-12-11,135
2022-12-12,88
2022-12-13,88
2022-12-14,95
2022-12-15,118
2022-12-16,133
2022-12-17,144
2022-12-18,137
2022-12-19,150
2022-12-20,113
2022-12-21,125
2022-12-22,130
2022-12-23,135
2022-12-24,99
2022-12-25,87
2022-12-26,93
2022-12-27,114
2022-12-28,115
2022-12-29,115
2022-12-30,88
2022-12-31,96
2023-01-01,129
2023-01-02,91
2023-01-03,95
2023-01-04,110
2023-01-05,105
2023-01-06,106
2023-01-07,117
2023-01-08,117
2023-01-09,94
2023-01-10,99
2023-01-11,81
2023-01-12,114
2023-01-13,111
2023-01-14,131
2023-01-15,95
2023-01-16,94
2023-01-17,110
2023-01-18,102
2023-01-19,103
2023-01-20,99
2023-01-21,141
2023-01-22,117
2023-01-23,113
2023-01-24,98
2023-01-25,106
2023-01-26,95
2023-01-27,117
2023-01-28,113
2023-01-29,105
2023-01-30,113
2023-01-31,112
2023-02-01,112
2023-02-02,114
2023-02-03,116
2023-02-04,125
2023-02-05,125
2023-02-06,96
2023-02-07,113
2023-02-08,118
2023-02-09,134
2023-02-10,118
2023-02-11,130
2023-02-12,134
2023-02-13,111
2023-02-14,96
2023-02-15,119
2023-02-16,113
2023-02-17,129
2023-02-18,142
2023-02-19,141
2023-02-20,140
2023-02-21,115
2023-02-22,122
2023-02-23,121
2023-02-24,118
2023-02-25,134
2023-02-26,147
2023-02-27,102
2023-02-28,98
2023-03-01,107
2023-03-02,101
2023-03-03,111
2023-03-04,124
2023-03-05,114
2023-03-06,109
2023-03-07,77
2023-03-08,84
2023-03-09,103
2023-03-10,91
2023-03-11,132
2023-03-12,104
2023-03-13,72
2023-03-14,97
2023-03-15,91
2023-03-16,34
2023-03-17,56
2023-03-18,80
2023-03-19,115
2023-03-20,93
2023-03-21,93
2023-03-22,94
2023-03-23,96
2023-03-24,122
2023-03-25,114
2023-03-26,139
2023-03-27,109
2023-03-28,93
2023-03-29,106
2023-03-30,110
2023-03-31,138
2023-04-01,155
2023-04-02,98
2023-04-03,107
2023-04-04,108
2023-04-05,104
2023-04-06,95
2023-04-07,101
2023-04-08,113
2023-04-09,98
2023-04-10,104
2023-04-11,91
2023-04-12,118
2023-04-13,109
2023-04-14,107
2023-04-15,138
2023-04-16,113
2023-04-17,118
2023-04-18,79
2023-04-19,95
2023-04-20,125
2023-04-21,110
2023-04-22,106
2023-04-23,134
2023-04-24,112
2023-04-25,92
2023-04-26,111
2023-04-27,123
2023-04-28,133
2023-04-29,115
2023-04-30,117
2023-05-01,94
2023-05-02,92
2023-05-03,92
2023-05-04,110
2023-05-05,114
2023-05-06,132
2023-05-07,135
2023-05-08,105
2023-05-09,93
2023-05-10,103
2023-05-11,87
2023-05-12,117
2023-05-13,108
2023-05-14,119
2023-05-15,123
2023-05-16,94
2023-05-17,113
2023-05-18,84
2023-05-19,112
2023-05-20,109
2023-05-21,128
2023-05-22,93
2023-05-23,113
2023-05-24,99
2023-05-25,122
2023-05-26,127
2023-05-27,124
2023-05-28,130
2023-05-29,111
2023-05-30,92
2023-05-31,95
2023-06-01,98
2023-06-02,117
2023-06-03,121
2023-06-04,144
2023-06-05,69
2023-06-06,84
2023-06-07,109
2023-06-08,83
2023-06-09,73
2023-06-10,121
2023-06-11,60
2023-06-12,188
2023-06-13,98
2023-06-14,105
2023-06-15,123
2023-06-16,110
2023-06-17,100
2023-06-18,118
2023-06-19,120
2023-06-20,108
2023-06-21,92
2023-06-22,111
2023-06-23,113
2023-06-24,119
2023-06-25,124
2023-06-26,12
2023-06-27,89
2023-06-28,97
2023-06-29,86
2023-06-30,110
2023-07-01,118
2023-07-02,134
2023-07-03,89
2023-07-04,98
2023-07-05,76
2023-07-06,89
2023-07-07,104
2023-07-08,116
2023-07-09,90
2023-07-10,93
2023-07-11,67
2023-07-12,89
2023-07-13,106
2023-07-14,107
2023-07-15,126
2023-07-16,144
2023-07-17,106
2023-07-18,91
2023-07-19,102
2023-07-20,95
2023-07-21,107
2023-07-22,124
2023-07-23,117
2023-07-24,99
2023-07-25,118
2023-07-26,101
2023-07-27,86
2023-07-28,99
2023-07-29,110
2023-07-30,103
2023-07-31,117
2023-08-01,75
2023-08-02,102
2023-08-03,112
2023-08-04,86
2023-08-05,133
2023-08-06,117
2023-08-07,95
2023-08-08,96
2023-08-09,95
2023-08-10,99
2023-08-11,115
2023-08-12,132
2023-08-13,125
2023-08-14,108
2023-08-15,91
2023-08-16,106
2023-08-17,80
2023-08-18,86
2023-08-19,108
2023-08-20,98
2023-08-21,88
2023-08-22,79
2023-08-23,81
2023-08-24,95
2023-08-25,114
2023-08-26,137
2023-08-27,123
2023-08-28,102
2023-08-29,85
2023-08-30,125
2023-08-31,96
2023-09-01,86
2023-09-02,106
2023-09-03,113
2023-09-04,88
2023-09-05,84
2023-09-06,91
2023-09-07,107
2023-09-08,92
2023-09-09,140
2023-09-10,140
2023-09-11,88
2023-09-12,121
2023-09-13,108
2023-09-14,98
2023-09-15,101
2023-09-16,135
2023-09-17,111
2023-09-18,103
2023-09-19,90
2023-09-20,94
2023-09-21,82
2023-09-22,89
2023-09-23,118
2023-09-24,134
2023-09-25,99
2023-09-26,83
2023-09-27,99
2023-09-28,68
2023-09-29,92
2023-09-30,116
2023-10-01,107
2023-10-02,82
2023-10-03,85
2023-10-04,120
2023-10-05,105
2023-10-06,95
2023-10-07,119
2023-10-08,95
2023-10-09,99
2023-10-10,88
2023-10-11,77
2023-10-12,92
2023-10-13,101
2023-10-14,108
2023-10-15,125
2023-10-16,102
2023-10-17,103
2023-10-18,101
2023-10-19,103
2023-10-20,114
2023-10-21,93
2023-10-22,98
2023-10-23,115
2023-10-24,83
2023-10-25,99
2023-10-26,90
2023-10-27,79
2023-10-28,48
2023-10-29,24
2023-10-30,239
2023-10-31,94
2023-11-01,96
2023-11-02,109
2023-11-03,84
2023-11-04,122
2023-11-05,77
2023-11-06,72
2023-11-07,84
2023-11-08,119
2023-11-09,106
2023-11-10,117
2023-11-11,140
2023-11-12,137
2023-11-13,94
2023-11-14,90
2023-11-15,115
2023-11-16,116
2023-11-17,103
2023-11-18,120
2023-11-19,94
2023-11-20,93
2023-11-21,86
2023-11-22,87
2023-11-23,77
2023-11-24,98
2023-11-25,126
2023-11-26,115
2023-11-27,88
2023-11-28,84
2023-11-29,90
2023-11-30,87
2023-12-01,115
2023-12-02,111
2023-12-03,89
2023-12-04,105
2023-12-05,106
2023-12-06,81
2023-12-07,102
2023-12-08,93
2023-12-09,112
2023-12-10,89
2023-12-11,110
2023-12-12,86
2023-12-13,105
2023-12-14,94
2023-12-15,101
2023-12-16,123
2023-12-17,117
2023-12-18,97
2023-12-19,113
2023-12-20,112
2023-12-21,111
2023-12-22,95
2023-12-23,99
2023-12-24,108
2023-12-25,78
2023-12-26,97
2023-12-27,97
2023-12-28,83
2023-12-29,109
2023-12-30,103
2023-12-31,98
